time_step,dist_15,dist_25,dist_35,dist_45
0,7.512987940572202e-05,4.3084439525502425e-27,0.0,0.0
1,0.00016826865612529218,6.032513635755154e-26,0.0,0.0
2,0.0003492841497063637,7.5125033453898305e-25,0.0,0.0
3,0.0006721256067976356,8.411378496630125e-24,0.0,0.0
4,0.001197563367895782,8.53786114095746e-23,0.0,0.0
5,0.0019696650560945272,7.907868365459056e-22,0.0,0.0
6,0.002974064787849784,6.718729289022218e-21,0.0,0.0
7,0.0040863207541406155,5.259598198115163e-20,0.0,0.0
8,0.005037620663642883,3.8082614750238297e-19,0.0,0.0
9,0.005443273112177849,2.559236017464045e-18,0.0,0.0
10,0.004938401281833649,1.6013315032158933e-17,0.0,0.0
11,0.003427700372412801,9.356736878699318e-17,0.0,0.0
12,0.0013817672152072191,5.119700067265486e-16,0.0,0.0
13,3.103477138211019e-05,2.6301033697944884e-15,0.0,0.0
14,0.001273333327844739,1.2716531048117229e-14,0.0,0.0
15,0.007167157717049122,5.799866338064563e-14,0.0,0.0
16,0.019043095409870148,2.500543175298908e-13,6.311706122236412e-38,0.0
17,0.03648882359266281,1.0210767778170982e-12,9.10808576985953e-37,0.0
18,0.05666118860244751,3.956026912305122e-12,1.2095145233880899e-35,0.0
19,0.0744374692440033,1.4565891895412797e-11,1.484542376735525e-34,0.0
20,0.08373525738716125,5.104191375115974e-11,1.6906525460182472e-33,0.0
21,0.0798783227801323,1.7045170830343181e-10,1.7927186633850325e-32,0.0
22,0.06226025149226189,5.43093126026406e-10,1.7756105479905237e-31,0.0
23,0.03601760044693947,1.6527426094370412e-09,1.6475175868582555e-30,0.0
24,0.011366328224539757,4.808388354149429e-09,1.4359277761622208e-29,0.0
25,4.662331048166379e-05,1.338478305967783e-08,1.178545023854197e-28,0.0
26,0.009936840273439884,3.567332740317397e-08,9.130330235659428e-28,0.0
27,0.040525391697883606,9.108529752666072e-08,6.691162109287354e-27,0.0
28,0.08216951787471771,2.2290711854111578e-07,4.6481138997916017e-26,0.0
29,0.12011443823575974,5.23013682141027e-07,3.0664739158409585e-25,0.0
30,0.1411372721195221,1.1767887144742417e-06,1.9246955742857913e-24,0.0
31,0.13893553614616394,2.5391998406121274e-06,1.1512449090760909e-23,0.0
32,0.1155911311507225,5.2535260692820884e-06,6.572519587416247e-23,0.0
33,0.07942094653844833,1.0418815691082273e-05,3.586627671048652e-22,0.0
34,0.0414704866707325,1.979515582206659e-05,1.873362340989263e-21,0.0
35,0.012439128942787647,3.6000808904645965e-05,9.377581814626018e-21,0.0
36,0.00015961428289301693,6.259955989662558e-05,4.504134790905336e-20,0.0
37,0.0070923021994531155,0.00010390587704023346,2.078103622438009e-19,0.0
38,0.028441155329346657,0.00016427722584921867,9.219597943199661e-19,0.0
39,0.052967000752687454,0.00024666477111168206,3.93704553478494e-18,0.0
40,0.06787317246198654,0.0003503337502479553,1.6197225406470298e-17,0.0
41,0.06577760726213455,0.00046801575808785856,6.425321284374695e-17,0.0
42,0.04887958616018295,0.0005833480972796679,2.4596950050648225e-16,3.316443546687987e-38
43,0.02676224894821644,0.0006701893289573491,9.09339208546669e-16,2.7702834344778124e-37
44,0.009428674355149269,0.0006960087921470404,3.24887321974149e-15,2.2119725399692124e-36
45,0.0012292613973841071,0.0006315346690826118,1.1224970402506397e-14,1.690595200490615e-35
46,0.0001594599016243592,0.00046760233817622066,3.752726956767448e-14,1.2384264612744741e-34
47,0.0018052002415060997,0.00023737471201457083,1.2146821092365312e-13,8.705729529289093e-34
48,0.003375879256054759,3.7773585063405335e-05,3.8085401260663787e-13,5.8796148272497804e-33
49,0.0045889695174992085,3.955211286665872e-05,1.157289867236011e-12,3.8192475612524336e-32
50,0.006303913425654173,0.00047292900853790343,3.4096074488093597e-12,2.3885920606307695e-31
51,0.009070496074855328,0.0015782234258949757,9.74357313582308e-12,1.4396852955763756e-30
52,0.011805472895503044,0.0035205853637307882,2.701716281250377e-11,8.37063395842017e-30
53,0.011340444907546043,0.006284508388489485,7.271221125204619e-11,4.6989037394685295e-29
54,0.0058707017451524734,0.009583129547536373,1.899950613504231e-10,2.5488527255998434e-28
55,0.0002976078831125051,0.012830751948058605,4.821116283970639e-10,1.3370464341977172e-27
56,0.003329353639855981,0.015224253758788109,1.1882517192418618e-09,6.787780621993418e-27
57,0.014841319993138313,0.01595216616988182,2.8450595213058705e-09,3.33732628779044e-26
58,0.02187800034880638,0.014500397257506847,6.618238401756571e-09,1.5902059040456954e-25
59,0.014988558366894722,0.010964484885334969,1.4958470018200387e-08,7.348022888422855e-25
60,0.00295037473551929,0.0062357219867408276,3.284939964487421e-08,3.2946998559761283e-24
61,0.0007720644352957606,0.0019308520713821054,7.008763702742726e-08,1.4343054779232143e-23
62,0.007953556254506111,2.1059831851744093e-06,1.4527130076658068e-07,6.065782478717408e-23
63,0.01126436423510313,0.002085616812109947,2.924572299889405e-07,2.4933230019620157e-22
64,0.005891201552003622,0.008785486221313477,5.717100179936097e-07,9.966283388912845e-22
65,0.0004047645488753915,0.019181767478585243,1.0848411875485908e-06,3.875746278284758e-21
66,0.001217808690853417,0.030833449214696884,1.997263552766526e-06,1.4670309888743636e-20
67,0.004091643262654543,0.040396884083747864,3.565567112673307e-06,5.407158818341527e-20
68,0.0032784543000161648,0.04473181068897247,6.167754236230394e-06,1.9414190055500397e-19
69,0.00045822359970770776,0.04211966320872307,1.0328403732273728e-05,6.792887840395187e-19
70,0.0006358393002301455,0.03309403732419014,1.672436155786272e-05,2.3170257467847896e-18
71,0.0036415555514395237,0.02046940103173256,2.6148925826419145e-05,7.70716271323423e-18
72,0.004362116102129221,0.00845048762857914,3.940573878935538e-05,2.500831854979942e-17
73,0.0012955320999026299,0.0010999183868989348,5.710360346711241e-05,7.918259205557762e-17
74,0.0003907692153006792,0.0007595299393869936,7.933542656246573e-05,2.447098831045763e-16
75,0.00573795847594738,0.007097024004906416,0.00010525705147301778,7.383512615228443e-16
76,0.010110681876540184,0.017221031710505486,0.0001326428900938481,2.1755492796393357e-15
77,0.005404144525527954,0.02685636095702648,0.00015757506480440497,6.261320909179465e-15
78,6.790386919419689e-08,0.03209628537297249,0.00017452101747039706,1.7605276570885516e-14
79,0.0071039749309420586,0.030974794179201126,0.00017711306281853467,4.83704093760199e-14
80,0.017359722405672073,0.024171117693185806,0.0001599333918420598,1.2988194504279238e-13
81,0.011866491287946701,0.014552087523043156,0.00012144967331551015,3.408895073771928e-13
82,0.0004708049527835101,0.005795603152364492,6.78733631502837e-05,8.746412340047971e-13
83,0.006975242868065834,0.000760926806833595,1.7176442270283587e-05,2.1940359685307387e-12
84,0.021130992099642754,0.00036682136123999953,1.8405396531306906e-06,5.381365492107548e-12
85,0.015820788219571114,0.0034561308566480875,6.839136040071025e-05,1.2906350467523087e-11
86,0.0012553989654406905,0.007614475209265947,0.00027169345412403345,3.026869380140518e-11
87,0.005187113769352436,0.010446803644299507,0.0006627253023907542,6.941789504333329e-11
88,0.017981402575969696,0.010644697584211826,0.0012703302782028913,1.5567956646034276e-10
89,0.014162297360599041,0.008369705639779568,0.0020801688078790903,3.4139521765119696e-10
90,0.0018885808531194925,0.0048896996304392815,0.0030171426478773355,7.320136163890822e-10
91,0.001809314009733498,0.0017809650162234902,0.003939812537282705,1.5345210657713437e-09
92,0.00829687062650919,0.0001533135655336082,0.004655239172279835,3.14454684513521e-09
93,0.007345475722104311,0.00024407199816778302,0.0049590724520385265,6.297912413799622e-09
94,0.0020056399516761303,0.0014815139584243298,0.0046981023624539375,1.232509916349045e-08
95,6.120239959273022e-07,0.0028939105104655027,0.0038422069046646357,2.3562304107827003e-08
96,0.0006400950369425118,0.003625328652560711,0.0025428629014641047,4.3987764541952856e-08
97,0.0011409868020564318,0.00331975519657135,0.001150534488260746,8.015939556571539e-08
98,0.0012943996116518974,0.0022185298148542643,0.00016791210509836674,1.4251912716645165e-07
99,0.0013850406976416707,0.000949918117839843,0.00013203245180193335,2.470769686624408e-07
100,0.0009501883178018034,0.00013705171295441687,0.0014440270606428385,4.173741672275355e-07
101,7.223965803859755e-05,4.898541737929918e-05,0.004192741587758064,6.864103738735139e-07
102,0.0006154668517410755,0.0004980810917913914,0.00803687609732151,1.0978965292451903e-06
103,0.0023649081122130156,0.0010302929440513253,0.012208031490445137,1.7057567447409383e-06
104,0.0018229726701974869,0.0012549130478873849,0.015667852014303207,2.5703038772917353e-06
105,5.6951746955746785e-05,0.001071254606358707,0.01740056648850441,3.7491784041776555e-06
106,0.0009257987840101123,0.0006527666701003909,0.016762815415859222,5.281123321765335e-06
107,0.001440826221369207,0.00025524426018819213,0.01376994326710701,7.161600933613954e-06
108,1.8750313756754622e-05,3.605241727200337e-05,0.00919506698846817,9.311469511885662e-06
109,0.001986966235563159,8.973258445621468e-06,0.0044061895459890366,1.1543916116352193e-05
110,0.003995833918452263,0.00010903354996116832,0.0009578209719620645,1.354088271909859e-05
111,0.0005739360931329429,0.00026550021721050143,5.691434125765227e-05,1.4857296264381148e-05
112,0.0030178632587194443,0.0004217971581965685,0.0020949316676706076,1.4978082617744803e-05
113,0.013629326596856117,0.0005162660963833332,0.006440008524805307,1.3455369298753794e-05
114,0.01152802538126707,0.0004787598445545882,0.011602489277720451,1.014810459309956e-05
115,0.0003851135552395135,0.0002886735601350665,0.01574520580470562,5.565110768657178e-06
116,0.009060768410563469,6.061782187316567e-05,0.017361940816044807,1.2762909591401694e-06
117,0.025765543803572655,2.0262357793399133e-05,0.0158593337982893,3.0215880997275235e-07
118,0.016747906804084778,0.0002887980663217604,0.011796754784882069,7.329274467338109e-06
119,0.00038816826418042183,0.0006702229147776961,0.0066682943142950535,2.8547881811391562e-05
120,0.009548182599246502,0.0007768504437990487,0.0023026256822049618,7.089794962666929e-05
121,0.022162584587931633,0.0004685443127527833,0.00012640336353797466,0.00014057446969673038
122,0.011576041579246521,7.754658872727305e-05,0.0006047276547178626,0.00024081382434815168
123,0.00010173534246860072,4.161593096796423e-05,0.0031002473551779985,0.0003692626778502017
124,0.0056479014456272125,0.00035346305230632424,0.006207105703651905,0.0005155833205208182
125,0.009419356472790241,0.0005702466587536037,0.008401334285736084,0.0006602773792110384
126,0.0029068654403090477,0.0004043387889396399,0.008706792257726192,0.0007758719148114324
127,0.00016895000590011477,8.87653513927944e-05,0.007075327914208174,0.0008314261212944984
128,0.002965389285236597,1.1951889973715879e-05,0.0043225414119660854,0.0008006417192518711
129,0.0022791451774537563,0.0001683470472926274,0.0016757070552557707,0.0006727242143824697
130,4.299481588532217e-05,0.00022981905203778297,0.0001715752005111426,0.00046363260480575264
131,0.0012706213165074587,8.954261284088716e-05,0.0001995415223063901,0.00022400538728106767
132,0.0026510837487876415,7.18595686066692e-07,0.0013957254122942686,3.935779750463553e-05
133,0.0012116444995626807,0.00010146108252229169,0.0029071345925331116,1.8828357497113757e-05
134,2.8360991564113647e-06,0.00016411782416980714,0.003861525794491172,0.0002712143468670547
135,0.0014855421613901854,4.6884844778105617e-05,0.0037909927777945995,0.0008710553520359099
136,0.0035852438304573298,2.7780060918303207e-05,0.0028043361380696297,0.0018224078230559826
137,0.003253646194934845,0.00029032755992375314,0.0014506700681522489,0.0030320060905069113
138,0.0008443219121545553,0.0004468952538445592,0.00038012705044820905,0.004304761998355389
139,0.0002584607864264399,0.00018328276928514242,3.3267975041439968e-09,0.005371407605707645
140,0.0036798424553126097,1.3465187294059433e-05,0.0003041079035028815,0.005949893966317177
141,0.006784800440073013,0.0005068578175269067,0.0009410890052095056,0.0058303289115428925
142,0.004401033744215965,0.0010784065816551447,0.0014532599598169327,0.004961144179105759
143,0.00028999013011343777,0.0007699129055254161,0.0015355221694335341,0.0035064478870481253
144,0.0016781286103650928,6.148235115688294e-05,0.0011732017155736685,0.0018460566643625498
145,0.005905900616198778,0.0003350218466948718,0.0006024291506037116,0.0005024228594265878
146,0.005408071912825108,0.001447667134925723,0.00014118074614088982,1.5879754755587783e-06
147,0.0014611607184633613,0.0016880653565749526,2.689210305106826e-06,0.0007016112795099616
148,2.4101917006191798e-05,0.000620014441665262,0.0001955589686986059,0.0026426012627780437
149,0.001121850567869842,1.3688230865227524e-05,0.0005508596077561378,0.0054769269190728664
